ID próbki,Ekspresja genu,Liczba mutacji,Odporność na leczenie,Typ tkanki
1.0,3.18,42.0,0.87,Płuca
2.0,2.38,21.0,0.47,Jelito grube
3.0,3.97,38.0,0.51,Mózg
4.0,3.48,45.0,0.97,Płuca
5.0,3.41,3.0,0.13,Jelito grube
6.0,2.55,38.0,0.64,Jelito grube
7.0,2.76,0.0,0.2,Mózg
8.0,4.71,19.0,0.57,Jelito grube
9.0,1.66,0.0,0.12,Mózg
10.0,4.62,40.0,0.8,Płuca
11.0,0.56,2.0,0.0,Jelito grube
12.0,1.34,1.0,0.11,Płuca
13.0,2.95,24.0,0.49,Płuca
14.0,1.76,25.0,0.43,Płuca
15.0,1.97,3.0,0.19,Płuca
16.0,2.96,48.0,0.76,Jelito grube
17.0,2.95,24.0,0.38,Mózg
18.0,4.8,45.0,0.74,Mózg
19.0,0.57,46.0,0.68,Płuca
20.0,3.48,38.0,0.54,Jelito grube
21.0,0.67,44.0,0.36,Mózg
22.0,4.24,42.0,1.0,Płuca
23.0,2.89,38.0,0.42,Mózg
24.0,2.4,36.0,0.61,Jelito grube
25.0,3.23,29.0,0.93,Płuca
26.0,2.1,46.0,0.68,Jelito grube
27.0,3.73,15.0,0.31,Mózg
28.0,0.56,37.0,0.53,Płuca
29.0,2.97,31.0,0.73,Płuca
30.0,3.16,18.0,0.42,Płuca
31.0,3.09,37.0,0.53,Jelito grube
32.0,4.14,7.0,0.36,Płuca
33.0,1.85,46.0,0.89,Płuca
34.0,0.93,12.0,0.26,Jelito grube
35.0,2.48,19.0,0.45,Płuca
36.0,2.99,33.0,0.68,Jelito grube
37.0,3.32,11.0,0.47,Płuca
38.0,0.75,14.0,0.39,Jelito grube
39.0,0.87,28.0,0.3,Jelito grube
40.0,4.61,40.0,0.97,Płuca
41.0,2.74,38.0,0.39,Mózg
42.0,4.4,7.0,0.43,Płuca
43.0,1.67,35.0,0.45,Płuca
44.0,0.74,18.0,0.27,Mózg
45.0,1.11,22.0,0.36,Płuca
46.0,2.66,37.0,0.39,Mózg
47.0,2.99,33.0,0.41,Mózg
48.0,4.98,42.0,0.97,Płuca
49.0,4.68,44.0,0.9,Płuca
50.0,4.98,47.0,0.77,Jelito grube
51.0,3.29,31.0,0.57,Jelito grube
52.0,3.08,49.0,0.69,Jelito grube
53.0,1.03,22.0,0.19,Mózg
54.0,4.18,30.0,0.76,Jelito grube
55.0,2.12,34.0,0.78,Płuca
56.0,0.92,21.0,0.34,Jelito grube
57.0,3.69,19.0,0.42,Mózg
58.0,1.37,43.0,0.64,Płuca
59.0,3.88,4.0,0.56,Płuca
60.0,0.63,15.0,0.09,Płuca
61.0,4.13,9.0,0.49,Jelito grube
62.0,3.22,32.0,0.82,Płuca
63.0,3.81,49.0,0.69,Mózg
64.0,2.78,10.0,0.49,Płuca
65.0,1.77,30.0,0.37,Mózg
66.0,3.05,2.0,0.38,Płuca
67.0,1.76,10.0,0.26,Jelito grube
68.0,0.89,48.0,0.5,Jelito grube
69.0,4.74,0.0,0.57,Płuca
70.0,2.52,20.0,0.34,Mózg
71.0,2.75,21.0,0.25,Mózg
72.0,2.58,1.0,0.36,Płuca
73.0,4.13,32.0,0.71,Płuca
74.0,4.98,2.0,0.28,Mózg
75.0,1.45,18.0,0.25,Mózg
76.0,4.06,1.0,0.33,Mózg
77.0,4.65,38.0,0.58,Mózg
78.0,4.7,29.0,0.75,Płuca
79.0,2.3,17.0,0.44,Jelito grube
80.0,1.91,25.0,0.26,Mózg
81.0,4.76,25.0,0.58,Jelito grube
82.0,3.31,27.0,0.6,Jelito grube
83.0,4.47,15.0,0.6,Płuca
84.0,1.24,4.0,0.31,Jelito grube
85.0,3.3,46.0,0.64,Jelito grube
86.0,2.29,48.0,0.82,Płuca
87.0,1.18,32.0,0.35,Płuca
88.0,4.39,3.0,0.57,Jelito grube
89.0,0.6,43.0,0.41,Mózg
90.0,1.63,1.0,0.23,Jelito grube
91.0,1.87,23.0,0.39,Mózg
92.0,1.71,42.0,0.67,Płuca
93.0,3.7,22.0,0.36,Jelito grube
94.0,4.88,16.0,0.47,Mózg
95.0,2.23,30.0,0.8,Płuca
96.0,4.62,19.0,0.64,Jelito grube
97.0,4.14,37.0,0.68,Jelito grube
98.0,4.4,2.0,0.64,Jelito grube
99.0,3.29,29.0,0.6,Płuca
100.0,3.99,4.0,0.3,Mózg
101.0,4.48,13.0,0.34,Mózg
102.0,1.74,0.0,0.28,Mózg
103.0,4.88,16.0,0.68,Jelito grube
104.0,2.21,0.0,0.24,Mózg
105.0,2.19,14.0,0.44,Płuca
106.0,1.79,28.0,0.34,Mózg
107.0,4.64,17.0,0.45,Płuca
108.0,1.99,41.0,0.86,Płuca
109.0,1.66,11.0,0.29,Mózg
110.0,0.5,28.0,0.49,Płuca
111.0,1.13,13.0,0.19,Mózg
112.0,2.26,33.0,0.76,Płuca
113.0,4.26,14.0,0.37,Mózg
114.0,3.39,34.0,0.64,Jelito grube
115.0,4.38,46.0,0.52,Mózg
116.0,2.96,25.0,0.6,Płuca
117.0,1.95,31.0,0.36,Mózg
118.0,0.72,13.0,0.2,Jelito grube
119.0,4.22,13.0,0.69,Płuca
120.0,4.68,36.0,0.83,Płuca
121.0,1.05,40.0,0.72,Płuca
122.0,2.48,14.0,0.39,Mózg
123.0,3.93,47.0,0.73,Jelito grube
124.0,2.22,10.0,0.27,Płuca
125.0,2.91,19.0,0.37,
126.0,3.61,0.0,0.51,Płuca
127.0,4.81,31.0,0.73,Jelito grube
128.0,1.76,37.0,0.34,Płuca
129.0,1.93,38.0,0.42,Mózg
130.0,0.68,36.0,0.55,Jelito grube
131.0,2.61,44.0,0.46,Mózg
132.0,2.86,36.0,0.69,Jelito grube
133.0,3.49,27.0,0.57,Jelito grube
134.0,1.65,15.0,0.17,Płuca
135.0,1.03,50.0,0.49,Płuca
136.0,2.85,24.0,0.67,Płuca
137.0,1.85,12.0,0.21,Jelito grube
138.0,1.68,17.0,0.4,Mózg
139.0,1.48,25.0,0.35,Jelito grube
140.0,1.94,2.0,0.26,Płuca
141.0,0.64,2.0,0.13,Jelito grube
142.0,0.98,25.0,0.24,Mózg
143.0,1.72,29.0,,Płuca
144.0,1.13,33.0,0.34,Mózg
145.0,2.28,32.0,0.45,Jelito grube
146.0,3.23,44.0,0.76,Płuca
147.0,3.29,46.0,0.99,Płuca
148.0,2.25,46.0,0.82,Płuca
149.0,0.52,31.0,0.31,Mózg
150.0,3.75,43.0,0.94,Płuca
151.0,3.34,34.0,0.51,Mózg
152.0,1.73,4.0,0.23,Mózg
153.0,1.48,32.0,0.3,Mózg
154.0,0.78,33.0,0.42,Jelito grube
155.0,3.69,38.0,0.69,Jelito grube
156.0,3.3,43.0,0.81,Płuca
157.0,1.45,30.0,0.36,Jelito grube
158.0,3.24,10.0,0.36,Mózg
159.0,3.31,7.0,0.45,Płuca
160.0,2.18,38.0,0.73,Płuca
161.0,2.13,48.0,0.65,Płuca
162.0,3.73,11.0,0.57,Jelito grube
163.0,4.05,49.0,1.0,Płuca
164.0,3.62,24.0,0.8,Płuca
165.0,3.14,47.0,0.74,Jelito grube
166.0,0.98,32.0,0.32,Mózg
167.0,4.99,7.0,0.39,Mózg
168.0,0.94,49.0,0.34,Mózg
169.0,4.32,32.0,0.66,Jelito grube
170.0,4.95,14.0,0.45,Jelito grube
171.0,1.43,8.0,0.11,Mózg
172.0,1.75,7.0,0.1,Mózg
173.0,2.33,50.0,0.56,Jelito grube
174.0,0.75,40.0,0.3,Mózg
175.0,4.53,50.0,0.85,Jelito grube
176.0,0.57,25.0,0.25,Mózg
177.0,3.31,46.0,0.82,Jelito grube
178.0,2.56,38.0,0.47,
179.0,1.96,18.0,0.22,Mózg
180.0,1.34,23.0,0.47,Jelito grube
181.0,1.73,22.0,0.26,Mózg
182.0,1.39,6.0,0.21,Jelito grube
183.0,3.67,41.0,0.57,Mózg
184.0,4.87,31.0,0.82,Płuca
185.0,3.37,14.0,0.57,Jelito grube
186.0,4.25,19.0,0.41,Mózg
187.0,1.69,25.0,0.41,Płuca
188.0,4.31,3.0,0.63,Płuca
189.0,4.44,3.0,0.5,Płuca
190.0,3.8,10.0,0.54,Płuca
191.0,4.13,45.0,0.54,Mózg
192.0,3.44,28.0,0.79,Płuca
193.0,2.39,37.0,0.4,Mózg
194.0,4.13,38.0,1.0,Płuca
195.0,1.5,47.0,0.44,Mózg
196.0,4.39,3.0,0.62,Płuca
197.0,3.75,34.0,0.45,Mózg
198.0,4.21,0.0,0.43,Mózg
,3.11,39.0,0.58,Jelito grube
200.0,2.8,24.0,0.41,Jelito grube
201.0,3.16,19.0,0.32,Mózg
202.0,3.52,10.0,0.32,Mózg
203.0,1.64,20.0,0.53,Płuca
204.0,4.66,45.0,0.62,Mózg
205.0,2.28,35.0,0.8,Płuca
206.0,4.65,31.0,0.84,Płuca
207.0,1.47,10.0,0.41,Płuca
208.0,3.1,27.0,0.65,Jelito grube
209.0,0.86,25.0,0.42,Jelito grube
210.0,2.44,9.0,0.26,Mózg
211.0,1.61,43.0,0.65,Płuca
212.0,3.96,37.0,0.9578174062825255,Płuca
213.0,4.48,13.0,0.41,Mózg
214.0,3.3,16.0,0.7,Płuca
215.0,0.79,34.0,0.51,Płuca
216.0,0.59,6.0,,Płuca
217.0,1.97,35.0,0.59,Płuca
218.0,1.55,36.0,0.9590377557163287,Płuca
219.0,2.45,35.0,0.44,Mózg
220.0,2.9,8.0,0.14,Mózg
221.0,3.09,39.0,0.54,Jelito grube
222.0,2.12,13.0,0.22,Mózg
223.0,2.53,23.0,0.51,Jelito grube
224.0,4.29,24.0,0.5,Mózg
225.0,4.5,4.0,0.46,Jelito grube
226.0,1.46,21.0,0.12,Mózg
227.0,3.38,8.0,0.45,Płuca
228.0,1.82,49.0,0.54,Jelito grube
229.0,0.84,15.0,0.29,Płuca
230.0,2.26,21.0,0.52,Płuca
231.0,3.83,0.0,0.37,Płuca
232.0,4.05,32.0,0.48,Mózg
233.0,2.24,43.0,0.54,Jelito grube
234.0,4.49,13.0,0.47,Mózg
235.0,1.15,6.0,0.17,Mózg
236.0,3.98,9.0,0.58,Płuca
237.0,2.38,40.0,0.41,Mózg
238.0,4.54,44.0,0.83,Jelito grube
239.0,2.93,50.0,0.75,Jelito grube
240.0,4.03,17.0,0.69,Płuca
241.0,4.12,27.0,0.8,Płuca
242.0,0.79,33.0,0.25,Mózg
243.0,2.8,35.0,0.5,Mózg
244.0,3.94,50.0,0.98,Płuca
245.0,3.05,33.0,0.91,Płuca
246.0,1.86,28.0,0.4,Jelito grube
247.0,2.47,16.0,0.39,Mózg
248.0,4.9,28.0,0.84,Płuca
249.0,1.42,39.0,0.57,Płuca
250.0,1.76,40.0,0.63,Jelito grube
251.0,3.28,40.0,0.83,Płuca
252.0,1.22,26.0,0.33,Mózg
253.0,3.01,6.0,0.35,Jelito grube
254.0,3.47,17.0,0.63,Płuca
255.0,3.34,13.0,0.32,Mózg
256.0,2.09,8.0,0.57,Płuca
257.0,4.03,6.0,0.46,Jelito grube
258.0,1.05,2.0,0.17,Płuca
259.0,3.31,8.0,0.56,Płuca
260.0,2.06,4.0,0.51,Płuca
261.0,4.24,32.0,0.84,Jelito grube
262.0,4.53,44.0,0.88,Jelito grube
263.0,0.77,29.0,0.55,Płuca
264.0,3.75,28.0,0.8,Płuca
265.0,1.87,50.0,0.77,Płuca
266.0,2.99,27.0,0.48,Jelito grube
267.0,0.67,8.0,0.27,Jelito grube
268.0,4.83,21.0,0.46,Mózg
269.0,2.72,22.0,0.47,Jelito grube
270.0,1.12,38.0,0.54,Płuca
271.0,2.39,7.0,0.52,Płuca
272.0,1.4,39.0,0.48,Jelito grube
273.0,4.18,0.0,0.48,Jelito grube
274.0,4.32,49.0,0.62,Mózg
275.0,1.18,29.0,0.24,Mózg
276.0,3.39,34.0,0.74,Płuca
277.0,2.14,5.0,0.2,Płuca
278.0,3.48,36.0,0.77,Płuca
279.0,1.38,15.0,0.25,Mózg
280.0,1.15,4.0,0.19,Mózg
281.0,3.88,1.0,0.32,Płuca
282.0,3.54,36.0,0.77,Płuca
283.0,2.82,6.0,0.36,Płuca
284.0,0.87,30.0,0.25,Mózg
285.0,3.5,49.0,0.75,Jelito grube
286.0,4.14,7.0,0.38,Jelito grube
287.0,3.45,2.0,0.49,Płuca
288.0,4.91,32.0,0.89,Płuca
289.0,2.38,9.0,0.19,Mózg
290.0,3.32,30.0,0.78,Płuca
291.0,1.26,25.0,0.2,Mózg
292.0,4.34,29.0,0.74,Płuca
293.0,1.57,49.0,0.72,Płuca
294.0,3.7,42.0,0.81,Płuca
295.0,4.3,16.0,0.43,Mózg
296.0,1.71,43.0,0.5,Jelito grube
297.0,1.62,9.0,0.25,Jelito grube
298.0,3.44,34.0,0.66,Jelito grube
299.0,4.8,20.0,0.72,Jelito grube
300.0,2.39,40.0,0.48,Płuca
301.0,4.02,30.0,0.71,Płuca
302.0,4.53,7.0,0.48,Jelito grube
303.0,3.76,25.0,0.66,Jelito grube
304.0,2.95,37.0,0.62,Jelito grube
305.0,2.61,3.0,0.28,Jelito grube
306.0,3.7,48.0,0.6,Mózg
307.0,4.92,29.0,0.98,Płuca
308.0,3.71,43.0,1.0,Płuca
309.0,3.4,3.0,0.51,Jelito grube
310.0,0.55,41.0,0.26,Mózg
311.0,1.68,4.0,0.33,Jelito grube
312.0,4.81,24.0,0.82,Jelito grube
313.0,3.03,10.0,0.31,Mózg
314.0,2.57,7.0,0.27,Mózg
315.0,1.79,15.0,0.4,Jelito grube
316.0,2.84,14.0,0.35,Płuca
317.0,2.78,20.0,0.3,Mózg
318.0,4.02,29.0,0.61,Jelito grube
319.0,4.84,40.0,0.92,Płuca
320.0,4.56,3.0,0.48,Jelito grube
321.0,4.59,34.0,0.84,Płuca
322.0,3.84,39.0,0.56,Mózg
323.0,3.3,20.0,0.51,Jelito grube
324.0,3.82,30.0,0.81,Płuca
325.0,3.89,37.0,0.52,Jelito grube
326.0,4.82,40.0,0.65,Mózg
327.0,1.77,23.0,0.24,Mózg
328.0,2.91,40.0,0.54,Mózg
329.0,4.18,32.0,0.71,Płuca
330.0,1.85,43.0,0.49,Jelito grube
331.0,1.75,20.0,0.32,Mózg
332.0,4.31,22.0,0.41,Mózg
333.0,0.67,34.0,0.51,Płuca
334.0,4.13,25.0,0.53,Jelito grube
335.0,2.81,21.0,0.45,Płuca
336.0,1.22,17.0,0.28,Jelito grube
337.0,2.97,19.0,0.56,Jelito grube
338.0,3.68,44.0,0.53,Mózg
339.0,4.22,32.0,0.54,Mózg
340.0,3.98,5.0,0.47,Jelito grube
341.0,2.91,38.0,0.59,Jelito grube
342.0,1.35,40.0,0.37,Mózg
343.0,3.17,33.0,0.66,Płuca
344.0,3.74,43.0,0.57,Mózg
345.0,3.79,12.0,0.63,Płuca
346.0,4.41,20.0,0.7,Jelito grube
347.0,0.52,10.0,0.42,Płuca
348.0,1.38,37.0,0.54,Płuca
349.0,3.69,36.0,0.72,Jelito grube
350.0,2.37,47.0,0.5,Mózg
351.0,3.5,15.0,0.63,Płuca
352.0,3.01,42.0,0.39,Mózg
353.0,4.67,45.0,1.0,Płuca
354.0,1.72,12.0,0.33,Jelito grube
355.0,1.68,2.0,0.5,Płuca
356.0,2.64,5.0,0.15,Mózg
357.0,3.82,1.0,0.22,Mózg
358.0,4.01,40.0,0.58,Mózg
359.0,4.45,40.0,0.85,Płuca
360.0,3.72,34.0,0.55,Mózg
361.0,4.54,30.0,0.49,Jelito grube
362.0,2.99,18.0,0.47,Jelito grube
363.0,4.55,34.0,0.54,Mózg
364.0,0.51,,0.52,Jelito grube
365.0,1.93,28.0,0.64,Płuca
366.0,3.59,4.0,0.2,Mózg
367.0,3.4,9.0,0.36,Jelito grube
368.0,3.88,12.0,0.64,Płuca
369.0,4.75,32.0,0.55,Mózg
370.0,3.59,35.0,0.46,Mózg
371.0,3.47,24.0,0.52,Jelito grube
372.0,3.3,5.0,,Jelito grube
373.0,2.41,44.0,0.6,Jelito grube
374.0,3.56,26.0,0.69,Płuca
375.0,1.76,33.0,0.69,Płuca
376.0,3.05,28.0,0.45,Jelito grube
377.0,1.77,42.0,0.68,Płuca
378.0,0.58,37.0,0.45,Jelito grube
379.0,1.55,6.0,0.24,Mózg
380.0,3.73,26.0,0.73,Jelito grube
381.0,4.98,15.0,0.52,Mózg
382.0,2.0,24.0,0.59,Płuca
383.0,1.33,36.0,0.61,Płuca
384.0,3.35,43.0,0.57,Mózg
385.0,3.0,47.0,0.58,Mózg
386.0,3.61,26.0,0.49,Mózg
387.0,1.26,1.0,0.45,Płuca
388.0,2.01,35.0,0.47,Jelito grube
389.0,0.87,37.0,0.28,Mózg
390.0,2.7,21.0,0.51,Płuca
391.0,2.53,12.0,0.31,Jelito grube
392.0,1.51,10.0,0.18,Mózg
393.0,3.12,5.0,0.42,Płuca
394.0,0.8,39.0,0.25,Mózg
395.0,3.41,22.0,0.68,Płuca
396.0,2.25,7.0,0.45,Płuca
397.0,3.21,38.0,0.85,Płuca
398.0,4.51,0.0,0.49,Płuca
399.0,4.3,11.0,0.62,Płuca
400.0,0.6,6.0,0.14,Jelito grube
401.0,4.38,26.0,0.72,Płuca
402.0,2.26,26.0,0.56,Płuca
403.0,2.7,6.0,0.39,Płuca
404.0,0.64,0.0,0.05,Jelito grube
405.0,4.18,7.0,0.52,Płuca
406.0,1.4,39.0,0.39,Jelito grube
407.0,0.93,37.0,0.33,Mózg
408.0,3.9,32.0,0.48,Mózg
409.0,1.88,5.0,0.02,Mózg
410.0,2.41,42.0,0.92,Płuca
411.0,4.64,39.0,1.0,Płuca
412.0,1.0,42.0,0.49,Płuca
413.0,1.76,27.0,0.44,Mózg
414.0,4.4,13.0,0.29,Mózg
415.0,0.78,18.0,0.46,Jelito grube
416.0,0.55,0.0,0.04,Mózg
417.0,1.73,34.0,0.52,Jelito grube
418.0,2.02,,0.41,Mózg
419.0,2.13,8.0,0.17,Mózg
420.0,1.08,27.0,0.5,Jelito grube
421.0,4.87,37.0,0.53,Mózg
422.0,4.75,47.0,0.93,Jelito grube
423.0,2.76,22.0,0.38,Mózg
424.0,1.85,48.0,0.63,Jelito grube
425.0,2.16,21.0,0.27,Mózg
426.0,0.57,40.0,0.43,Mózg
427.0,2.88,25.0,0.69,Płuca
428.0,1.99,30.0,0.48,Płuca
429.0,0.54,10.0,0.17,Jelito grube
430.0,2.27,45.0,0.48,Mózg
431.0,3.38,11.0,0.59,Płuca
432.0,0.83,20.0,0.32,Płuca
433.0,0.89,50.0,0.5,Mózg
434.0,4.95,41.0,0.67,Mózg
435.0,4.61,41.0,0.66,Mózg
436.0,4.89,27.0,0.47,Mózg
437.0,2.27,16.0,0.3,Mózg
438.0,3.36,23.0,0.43,Mózg
439.0,3.38,30.0,0.66,Jelito grube
440.0,3.08,15.0,0.62,Płuca
441.0,1.55,40.0,0.48,Jelito grube
442.0,4.12,4.0,0.47,Jelito grube
443.0,2.51,33.0,0.51,Jelito grube
444.0,1.44,31.0,0.47,Mózg
445.0,3.03,8.0,0.34,Jelito grube
446.0,0.66,42.0,0.45,Jelito grube
447.0,2.36,49.0,0.71,Jelito grube
448.0,2.95,44.0,0.48,Mózg
449.0,3.58,37.0,0.91,Płuca
450.0,3.88,30.0,1.5089163937313177,Jelito grube
451.0,0.9,31.0,0.36,Jelito grube
452.0,4.62,17.0,0.55,Mózg
453.0,3.57,25.0,0.4,Mózg
454.0,2.27,2.0,,Jelito grube
455.0,1.48,0.0,1.7003068352320656,Płuca
456.0,1.23,48.0,0.57,Płuca
457.0,1.78,40.0,0.46,Jelito grube
458.0,3.39,43.0,0.8,Jelito grube
459.0,1.63,35.0,0.56,Płuca
460.0,4.39,18.0,0.43,Mózg
461.0,2.42,19.0,0.37,Jelito grube
462.0,2.09,4.0,0.28,Jelito grube
463.0,1.66,32.0,0.52,Płuca
464.0,3.41,31.0,0.45,Mózg
465.0,4.81,33.0,0.75,Płuca
466.0,1.39,48.0,0.49,Jelito grube
467.0,4.3,21.0,0.71,Płuca
468.0,4.84,38.0,0.91,Płuca
469.0,4.62,43.0,1.0,Płuca
470.0,2.14,37.0,0.44,Mózg
471.0,4.09,8.0,0.59,Płuca
472.0,3.74,36.0,0.8,Jelito grube
473.0,3.58,14.0,0.53,Jelito grube
474.0,4.11,24.0,0.58,Jelito grube
475.0,3.79,2.0,0.39,Jelito grube
476.0,0.55,9.0,1.7362277246676214,Mózg
477.0,3.62,4.0,0.43,Jelito grube
478.0,4.68,15.0,0.45,Mózg
479.0,2.8,9.0,0.29,Mózg
480.0,2.17,17.0,0.22,Mózg
481.0,4.84,16.0,0.45,Jelito grube
482.0,3.03,10.0,0.27,Mózg
483.0,0.76,35.0,0.39,Jelito grube
484.0,2.39,0.0,0.29,Płuca
485.0,3.37,49.0,0.75,Płuca
486.0,2.72,39.0,0.82,Płuca
487.0,1.8,16.0,0.31,Jelito grube
488.0,1.62,35.0,0.59,Płuca
489.0,1.38,22.0,0.37,Jelito grube
490.0,3.0,25.0,0.42,Mózg
491.0,4.73,14.0,0.6,Płuca
492.0,3.6,44.0,1.0,Płuca
493.0,3.14,32.0,0.43,Mózg
494.0,1.81,32.0,0.55,Jelito grube
495.0,4.2,4.0,0.36,Mózg
496.0,4.14,15.0,0.37,Jelito grube
497.0,0.64,40.0,0.47,Płuca
498.0,1.9,38.0,0.42,Mózg
499.0,4.14,49.0,0.84,Płuca
500.0,0.9,50.0,0.65,Płuca
501.0,4.1,8.0,0.34,Mózg
502.0,4.18,38.0,0.57,Mózg
503.0,4.44,8.0,0.54,Płuca
504.0,1.74,1.0,0.15,Mózg
505.0,4.04,46.0,0.73,Jelito grube
506.0,4.39,24.0,0.59,Mózg
507.0,1.63,4.0,0.17,Mózg
508.0,2.63,45.0,0.81,Płuca
509.0,4.75,2.0,0.35,Mózg
510.0,2.07,28.0,0.36,Jelito grube
511.0,2.07,49.0,0.5,Jelito grube
512.0,1.67,43.0,0.39,Mózg
513.0,1.57,43.0,0.49,Płuca
514.0,2.93,35.0,0.68,Jelito grube
515.0,2.15,43.0,1.910252333100884,Mózg
516.0,3.87,15.0,0.56,Jelito grube
517.0,2.9,44.0,0.72,Jelito grube
518.0,3.67,5.0,0.49,Jelito grube
519.0,1.17,11.0,0.29,Jelito grube
520.0,0.6,0.0,0.13,Mózg
521.0,2.53,36.0,0.76,Płuca
522.0,,31.0,0.99,Płuca
523.0,1.29,19.0,0.29,Jelito grube
524.0,3.28,25.0,0.45,Jelito grube
525.0,1.55,5.0,0.19,Płuca
526.0,0.56,25.0,0.17,Jelito grube
527.0,2.2,39.0,0.46,Mózg
528.0,2.52,4.0,0.34,Jelito grube
529.0,1.37,19.0,1.8640945698369231,Płuca
530.0,1.87,22.0,0.35,Jelito grube
531.0,2.51,13.0,0.39,Płuca
532.0,4.47,24.0,0.46,Mózg
533.0,0.65,14.0,0.27,Płuca
534.0,3.55,23.0,0.58,Płuca
535.0,0.53,12.0,0.25,Jelito grube
536.0,2.61,33.0,0.62,Płuca
537.0,3.38,25.0,0.46,Mózg
538.0,4.31,30.0,0.7,Jelito grube
539.0,4.7,32.0,0.55,Mózg
540.0,3.01,47.0,0.63,Jelito grube
541.0,0.57,45.0,0.5,Jelito grube
542.0,4.19,3.0,0.6,Płuca
543.0,4.85,47.0,0.56,Mózg
544.0,4.38,19.0,0.82,Płuca
545.0,4.24,16.0,0.7,Płuca
546.0,1.48,4.0,0.44,Płuca
547.0,2.5,37.0,0.65,Płuca
548.0,3.94,18.0,0.57,Jelito grube
549.0,2.01,23.0,0.43,Mózg
550.0,4.15,36.0,0.44,Mózg
551.0,4.75,50.0,1.0,Płuca
552.0,2.47,9.0,0.39,Płuca
553.0,4.88,39.0,0.75,Jelito grube
554.0,2.27,46.0,0.92,Płuca
555.0,2.67,47.0,0.5,Mózg
556.0,4.06,25.0,0.39,Mózg
557.0,1.91,14.0,0.23,Mózg
558.0,3.44,23.0,0.51,Jelito grube
559.0,2.68,24.0,0.43,Mózg
560.0,3.78,42.0,0.96,Płuca
561.0,0.73,20.0,0.47,Płuca
562.0,2.62,28.0,0.51,Jelito grube
563.0,4.15,44.0,0.73,Jelito grube
564.0,4.83,33.0,0.7,Mózg
565.0,4.81,40.0,0.64,Mózg
566.0,,33.0,0.48,Płuca
567.0,2.25,5.0,0.36,Płuca
568.0,4.39,23.0,0.49,Jelito grube
569.0,4.21,28.0,0.59,Mózg
570.0,4.38,39.0,0.58,Jelito grube
571.0,2.51,44.0,0.39,Mózg
572.0,3.85,2.0,0.46,Jelito grube
,4.55,38.0,0.86,Płuca
574.0,2.09,5.0,0.39,Jelito grube
575.0,4.96,1.0,0.31,Mózg
576.0,3.43,43.0,0.55,Mózg
577.0,3.82,35.0,0.56,Jelito grube
578.0,3.75,39.0,0.46,Mózg
579.0,0.61,20.0,0.47,Płuca
580.0,0.54,22.0,0.26,Jelito grube
581.0,3.11,9.0,0.49,Jelito grube
582.0,1.31,31.0,0.52,Jelito grube
583.0,4.26,3.0,0.37,Jelito grube
584.0,3.15,23.0,0.48,Płuca
585.0,2.78,8.0,0.43,Płuca
586.0,2.73,2.0,0.22,Mózg
587.0,0.9,45.0,0.5,Jelito grube
588.0,0.85,30.0,0.53,Płuca
589.0,1.1,22.0,0.28,Mózg
590.0,1.64,18.0,0.52,Jelito grube
591.0,2.66,14.0,0.35,Jelito grube
592.0,3.19,4.0,0.3,Mózg
593.0,4.73,0.0,0.39,Mózg
594.0,1.37,48.0,0.39,Mózg
595.0,0.72,29.0,0.49,Płuca
596.0,3.38,23.0,0.6,Płuca
597.0,3.84,19.0,0.64,Jelito grube
598.0,2.16,8.0,0.33,Płuca
599.0,1.84,10.0,0.19,Mózg
600.0,2.49,46.0,0.92,Płuca
601.0,1.51,38.0,0.3,Mózg
602.0,2.31,1.0,0.4,Płuca
603.0,4.25,7.0,0.34,Mózg
604.0,4.6,43.0,0.55,Mózg
605.0,2.93,6.0,0.33,Jelito grube
606.0,2.73,44.0,0.49,Mózg
607.0,2.74,33.0,0.47,Mózg
608.0,5.0,1.0,0.58,Płuca
609.0,4.38,40.0,0.79,Jelito grube
610.0,4.82,33.0,0.67,Jelito grube
,2.38,32.0,0.24,Mózg
612.0,4.95,10.0,0.44,Mózg
613.0,2.38,0.0,0.17,Mózg
614.0,1.7,35.0,0.36,Płuca
615.0,4.22,24.0,0.75,Płuca
616.0,2.81,17.0,0.48,Płuca
617.0,2.64,23.0,0.77,Płuca
618.0,2.96,24.0,0.72,Płuca
619.0,4.42,12.0,0.56,Płuca
620.0,4.65,28.0,0.71,Jelito grube
621.0,2.49,39.0,0.71,Płuca
622.0,2.15,36.0,0.39,Mózg
623.0,2.08,37.0,0.51,Jelito grube
624.0,2.5,27.0,0.52,Jelito grube
625.0,1.67,24.0,0.59,Płuca
626.0,0.96,47.0,0.65,Jelito grube
627.0,3.29,42.0,0.55,Mózg
628.0,1.56,26.0,0.55,Płuca
629.0,2.76,30.0,0.49,Jelito grube
630.0,2.14,12.0,0.55,Płuca
631.0,1.98,9.0,0.42,Płuca
632.0,0.88,43.0,0.34,Mózg
633.0,4.87,3.0,0.62,Płuca
634.0,0.92,29.0,0.54,Jelito grube
635.0,3.12,24.0,0.48,Jelito grube
636.0,4.44,4.0,0.74,Płuca
637.0,2.3,15.0,0.27,Mózg
638.0,3.58,33.0,0.47,Mózg
639.0,0.58,37.0,0.34,Mózg
640.0,3.77,13.0,0.54,Jelito grube
641.0,2.97,24.0,0.57,Płuca
642.0,3.73,23.0,0.91,Płuca
643.0,1.29,25.0,0.31,Płuca
644.0,3.35,29.0,0.79,Jelito grube
645.0,2.29,22.0,0.3,Mózg
646.0,2.1,28.0,0.47,Jelito grube
647.0,3.64,14.0,0.34,Jelito grube
648.0,2.66,15.0,0.67,Płuca
649.0,0.84,8.0,0.27,Płuca
650.0,3.44,14.0,0.66,Płuca
651.0,3.7,29.0,0.74,Płuca
652.0,1.32,3.0,0.2,Jelito grube
653.0,3.3,4.0,0.25,Mózg
654.0,3.76,3.0,0.57,Jelito grube
655.0,3.52,16.0,0.64,Płuca
656.0,3.18,12.0,0.4,Jelito grube
657.0,2.06,48.0,0.89,Płuca
658.0,0.64,5.0,0.06,Mózg
659.0,2.08,5.0,0.22,Mózg
660.0,0.71,33.0,0.5,Płuca
661.0,4.04,8.0,0.49,Jelito grube
662.0,4.26,15.0,0.47,Mózg
663.0,2.53,36.0,0.63,Płuca
664.0,1.54,38.0,0.48,Płuca
665.0,0.65,0.0,0.28,Jelito grube
666.0,1.85,10.0,0.9522711085899136,Mózg
667.0,3.4,30.0,0.55,Jelito grube
668.0,3.21,37.0,0.44,Mózg
669.0,0.69,49.0,0.45,Mózg
670.0,1.4,8.0,0.36,Jelito grube
671.0,1.57,2.0,0.17,Jelito grube
672.0,1.47,30.0,0.36,Jelito grube
673.0,3.15,25.0,0.66,Jelito grube
674.0,4.32,33.0,0.83,Płuca
675.0,2.49,9.0,0.25,Mózg
676.0,2.33,43.0,0.43,Mózg
677.0,4.88,36.0,0.71,Jelito grube
678.0,4.52,9.0,0.47,
679.0,1.17,2.0,0.2,Mózg
680.0,1.13,24.0,0.33,Jelito grube
681.0,2.91,7.0,0.52,Płuca
682.0,4.39,21.0,0.59,Jelito grube
683.0,2.67,29.0,0.46,Mózg
684.0,0.5,28.0,0.25,Mózg
685.0,3.44,0.0,0.2,Mózg
686.0,1.72,11.0,0.22,Mózg
687.0,1.96,12.0,0.33,Mózg
688.0,0.94,35.0,0.33,Płuca
689.0,1.11,6.0,0.22,Mózg
690.0,1.99,46.0,0.8,Płuca
691.0,1.73,31.0,0.56,Jelito grube
692.0,4.95,3.0,0.49,Jelito grube
693.0,1.85,1.0,0.32,Płuca
694.0,2.87,18.0,0.33,Mózg
695.0,3.7,12.0,0.58,Jelito grube
696.0,1.01,44.0,0.36,Mózg
697.0,0.59,,0.34,Jelito grube
698.0,4.39,2.0,0.54,Jelito grube
699.0,1.14,39.0,0.58,Jelito grube
700.0,0.55,47.0,0.59,Płuca
701.0,2.42,35.0,0.43,Mózg
702.0,3.34,50.0,0.55,Mózg
703.0,0.77,33.0,0.46,Jelito grube
704.0,4.35,32.0,0.79,Jelito grube
705.0,3.04,9.0,0.46,Jelito grube
706.0,2.6,31.0,0.5,Jelito grube
707.0,4.25,38.0,0.51,Mózg
708.0,4.95,29.0,0.63,Mózg
709.0,3.84,4.0,0.62,Płuca
710.0,1.61,48.0,0.69,Jelito grube
711.0,3.4,18.0,0.53,Płuca
712.0,3.96,29.0,0.5,Mózg
713.0,0.93,24.0,0.28,Jelito grube
714.0,0.74,4.0,0.09,Mózg
715.0,3.56,8.0,0.48,Jelito grube
716.0,4.59,26.0,0.92,Płuca
717.0,2.81,18.0,0.35,Mózg
718.0,3.84,39.0,0.42,Mózg
719.0,4.2,19.0,0.43,Mózg
720.0,0.84,2.0,0.13,Jelito grube
721.0,4.27,7.0,0.27,Mózg
722.0,3.21,1.0,0.23,Mózg
723.0,1.15,46.0,0.63,Jelito grube
724.0,3.46,40.0,0.74,Płuca
725.0,4.48,35.0,0.66,Jelito grube
726.0,1.54,28.0,0.32,Płuca
727.0,1.22,30.0,0.54,Płuca
728.0,0.96,32.0,0.2,Mózg
729.0,4.66,27.0,0.62,Jelito grube
730.0,1.09,4.0,0.4,Jelito grube
731.0,3.4,13.0,0.44,Mózg
732.0,4.71,28.0,0.73,Płuca
733.0,4.66,22.0,0.67,Jelito grube
734.0,1.43,22.0,0.15,Mózg
735.0,3.45,44.0,0.91,Płuca
736.0,4.6,45.0,0.58,Mózg
737.0,3.62,20.0,0.41,Mózg
738.0,4.22,25.0,0.78,Płuca
739.0,0.53,1.0,0.08,Mózg
740.0,3.94,12.0,0.44,Płuca
741.0,1.27,15.0,0.36,Jelito grube
742.0,2.58,45.0,0.49,Mózg
743.0,2.56,31.0,0.79,Płuca
744.0,1.76,24.0,0.29,Mózg
745.0,3.29,45.0,0.67,Jelito grube
746.0,3.87,7.0,0.44,Płuca
747.0,4.67,42.0,0.49,Mózg
748.0,0.84,45.0,0.51,Jelito grube
749.0,1.82,31.0,0.78,Płuca
750.0,2.52,30.0,0.56,Jelito grube
751.0,1.39,50.0,0.44,Mózg
752.0,3.24,3.0,0.3,Jelito grube
753.0,1.34,26.0,0.3,Mózg
754.0,2.4,50.0,0.87,Płuca
755.0,2.1,36.0,0.64,Płuca
756.0,1.53,2.0,0.16,Płuca
757.0,1.54,32.0,0.54,Jelito grube
758.0,4.2,50.0,0.92,Jelito grube
759.0,4.09,33.0,0.98,Płuca
760.0,4.87,30.0,0.51,Mózg
,4.81,11.0,0.87,Płuca
762.0,2.89,29.0,0.39,Mózg
763.0,1.06,2.0,0.4,Płuca
764.0,4.03,33.0,0.43,Mózg
765.0,2.78,37.0,0.72,Płuca
766.0,1.78,3.0,0.22,Mózg
767.0,1.12,21.0,0.31,Jelito grube
768.0,4.49,45.0,0.89,Jelito grube
769.0,4.1,0.0,0.46,Płuca
770.0,1.95,23.0,0.54,Płuca
771.0,0.71,37.0,0.14,Mózg
772.0,4.65,1.0,0.44,Płuca
773.0,3.19,5.0,0.31,Jelito grube
774.0,3.25,47.0,1.0,Płuca
775.0,3.03,30.0,0.65,Jelito grube
776.0,3.32,33.0,0.76,Płuca
777.0,2.1,14.0,0.29,Mózg
778.0,2.63,28.0,0.61,Jelito grube
779.0,3.66,48.0,0.78,Jelito grube
780.0,4.59,14.0,0.42,Mózg
781.0,3.23,23.0,0.6,Jelito grube
782.0,2.13,17.0,0.57,Płuca
783.0,1.37,28.0,0.32,Płuca
784.0,2.5,6.0,0.17,Mózg
785.0,0.59,16.0,0.24,Jelito grube
786.0,2.52,0.0,0.3,Płuca
787.0,4.68,14.0,0.61,Jelito grube
788.0,4.13,43.0,0.68,Jelito grube
789.0,2.25,20.0,0.32,Mózg
790.0,2.75,15.0,0.34,Mózg
791.0,1.23,48.0,0.51,Jelito grube
792.0,0.61,49.0,0.63,Płuca
793.0,0.77,35.0,0.41,Jelito grube
794.0,5.0,27.0,0.65,Jelito grube
795.0,4.74,50.0,0.65,Mózg
796.0,2.54,37.0,0.71,Płuca
797.0,3.25,13.0,0.35,Mózg
798.0,1.15,4.0,0.17,Płuca
799.0,1.81,0.0,0.19,Jelito grube
800.0,4.36,37.0,0.56,Mózg
801.0,1.85,31.0,0.49,Płuca
802.0,3.5,50.0,0.64,Mózg
803.0,2.43,32.0,0.73,Płuca
804.0,4.5,3.0,0.34,Mózg
805.0,4.71,30.0,1.0,Płuca
806.0,4.46,43.0,1.0,Płuca
807.0,1.07,38.0,0.42,Mózg
808.0,3.1,28.0,0.84,Płuca
809.0,3.36,41.0,0.94,Płuca
810.0,4.12,45.0,0.72,Jelito grube
811.0,3.38,6.0,0.68,Płuca
812.0,2.58,3.0,0.37,Jelito grube
813.0,2.7,12.0,0.55,Płuca
814.0,3.47,2.0,0.33,Mózg
815.0,3.88,36.0,0.91,Płuca
816.0,4.1,36.0,0.82,Jelito grube
817.0,4.94,24.0,0.73,Jelito grube
818.0,1.07,1.0,0.17,Jelito grube
819.0,0.82,39.0,0.37,Mózg
820.0,4.15,16.0,0.52,Jelito grube
821.0,2.34,3.0,0.23,Mózg
822.0,2.69,1.0,0.29,Płuca
823.0,4.04,41.0,0.71,Jelito grube
824.0,4.56,21.0,0.49,Mózg
825.0,3.83,31.0,0.74,Płuca
826.0,3.62,48.0,0.83,Płuca
827.0,1.22,43.0,0.42,Jelito grube
828.0,1.89,9.0,0.26,Mózg
829.0,3.28,48.0,0.85,Płuca
830.0,3.92,9.0,0.72,Płuca
831.0,3.18,16.0,0.48,Jelito grube
832.0,2.7,2.0,0.14,Mózg
833.0,2.06,32.0,0.26,Mózg
834.0,1.0,9.0,0.19,Mózg
835.0,4.1,46.0,0.68,Jelito grube
836.0,3.68,29.0,0.67,Jelito grube
837.0,4.74,25.0,0.82,Płuca
838.0,1.97,25.0,0.22,Mózg
839.0,4.45,39.0,0.92,Płuca
840.0,4.29,49.0,0.83,Jelito grube
841.0,2.22,40.0,0.72,Płuca
842.0,4.2,2.0,0.51,Płuca
843.0,4.41,22.0,0.5,Mózg
844.0,0.79,14.0,0.2,Mózg
845.0,4.95,46.0,1.0,Płuca
846.0,3.4,18.0,0.37,Mózg
847.0,2.28,33.0,0.74,Płuca
848.0,2.54,22.0,0.49,Mózg
849.0,3.43,24.0,0.65,Płuca
850.0,4.71,30.0,0.56,Mózg
851.0,3.86,35.0,0.61,Jelito grube
852.0,1.65,14.0,0.42,Jelito grube
853.0,4.59,39.0,0.66,Jelito grube
854.0,1.88,45.0,0.54,Jelito grube
855.0,4.49,37.0,0.59,Mózg
856.0,1.6,28.0,0.43,Jelito grube
857.0,3.14,20.0,0.4,Mózg
858.0,0.59,33.0,0.54,Jelito grube
859.0,2.18,8.0,0.29,Jelito grube
860.0,4.36,14.0,0.65,Płuca
861.0,4.43,45.0,0.53,Mózg
862.0,4.94,45.0,1.0,Płuca
863.0,1.5,44.0,0.57,Jelito grube
864.0,4.87,38.0,0.78,Jelito grube
865.0,4.03,2.0,0.33,Jelito grube
866.0,4.68,34.0,0.69,Jelito grube
867.0,2.66,38.0,0.66,Płuca
868.0,1.9,31.0,0.28,Mózg
869.0,1.84,28.0,0.5,Jelito grube
870.0,3.52,41.0,0.53,Mózg
871.0,3.72,17.0,0.5,Płuca
872.0,0.76,13.0,0.29,Jelito grube
873.0,1.12,8.0,0.1,Mózg
874.0,0.78,22.0,0.44,Płuca
875.0,4.72,1.0,0.69,Płuca
876.0,2.5,20.0,0.65,Płuca
877.0,2.89,23.0,0.42,Mózg
878.0,1.72,28.0,0.47,Jelito grube
879.0,1.95,5.0,0.36,Jelito grube
880.0,2.02,14.0,0.9806550318855276,Jelito grube
881.0,4.12,34.0,0.62,Jelito grube
882.0,1.79,1.0,0.24,Mózg
883.0,2.19,48.0,0.59,Mózg
884.0,4.76,4.0,0.58,Jelito grube
885.0,,34.0,0.73,Płuca
886.0,0.89,46.0,0.44,Jelito grube
887.0,4.72,4.0,0.42,Płuca
888.0,2.98,47.0,0.88,Płuca
889.0,1.68,20.0,0.32,Płuca
890.0,2.77,34.0,0.6,Płuca
891.0,3.23,14.0,0.6,Płuca
892.0,2.0,7.0,0.18,Mózg
893.0,3.06,1.0,0.16,Mózg
894.0,3.35,37.0,0.9959208718893476,Jelito grube
895.0,2.63,7.0,0.33,Płuca
896.0,0.52,39.0,0.23,Jelito grube
897.0,4.52,33.0,0.53,Mózg
898.0,2.59,46.0,0.58,Mózg
899.0,2.35,6.0,0.38,Jelito grube
900.0,2.11,3.0,0.26,Jelito grube
901.0,2.15,6.0,0.34,Jelito grube
902.0,4.95,42.0,0.81,Jelito grube
903.0,3.74,26.0,0.64,Jelito grube
904.0,3.21,2.0,0.51,Płuca
905.0,2.08,6.0,0.46,Płuca
906.0,1.14,39.0,0.68,Płuca
907.0,0.76,35.0,0.42,Mózg
908.0,1.93,27.0,,Płuca
909.0,4.31,40.0,0.65,Jelito grube
910.0,2.46,41.0,0.7,Jelito grube
911.0,1.03,18.0,0.27,Mózg
912.0,2.57,3.0,0.23,Mózg
913.0,0.87,21.0,0.38,Jelito grube
914.0,4.14,32.0,0.88,Płuca
915.0,3.13,25.0,0.65,Jelito grube
916.0,2.21,32.0,0.46,Mózg
917.0,3.86,14.0,0.61,Płuca
918.0,1.05,3.0,0.11,Jelito grube
919.0,1.85,38.0,0.65,Płuca
920.0,4.21,27.0,0.75,Jelito grube
921.0,4.58,41.0,0.48,Mózg
922.0,2.19,37.0,0.71,Płuca
923.0,3.42,10.0,0.39,Mózg
924.0,0.59,15.0,0.35,Jelito grube
925.0,0.9,45.0,0.61,Płuca
926.0,1.19,27.0,0.27,Mózg
927.0,2.22,36.0,0.5,Jelito grube
928.0,4.94,2.0,0.75,Płuca
929.0,4.13,14.0,0.75,Płuca
930.0,1.33,5.0,0.2,Płuca
931.0,3.19,46.0,0.44,Mózg
932.0,4.68,10.0,0.31,Jelito grube
933.0,1.16,34.0,0.3,Mózg
934.0,2.08,3.0,0.28,Jelito grube
935.0,1.88,29.0,0.71,Płuca
936.0,3.77,45.0,0.89,Płuca
937.0,3.26,39.0,0.85,Płuca
938.0,2.84,38.0,0.62,Jelito grube
939.0,2.91,13.0,0.65,Płuca
940.0,2.23,7.0,0.45,Płuca
941.0,0.8,21.0,0.34,Płuca
942.0,0.87,48.0,0.6,Jelito grube
943.0,4.31,2.0,0.43,Jelito grube
944.0,4.88,18.0,0.65,Jelito grube
945.0,0.75,36.0,0.66,Płuca
946.0,2.66,33.0,0.25,Mózg
947.0,2.07,22.0,0.4,Jelito grube
948.0,2.15,34.0,0.67,Płuca
949.0,1.95,17.0,0.47,Jelito grube
950.0,1.2,17.0,0.23,Jelito grube
951.0,0.57,19.0,0.08,Płuca
952.0,1.32,34.0,0.44,Jelito grube
953.0,1.75,1.0,0.35,Płuca
954.0,4.93,30.0,0.92,Płuca
955.0,0.68,35.0,0.38,Jelito grube
956.0,2.33,49.0,0.72,Jelito grube
957.0,2.54,31.0,0.46,Mózg
958.0,4.64,49.0,0.87,Płuca
959.0,2.93,42.0,0.33,Mózg
960.0,1.25,44.0,0.47,Jelito grube
961.0,4.04,4.0,0.46,Jelito grube
962.0,0.91,37.0,0.44,Jelito grube
963.0,1.83,49.0,0.41,Mózg
964.0,0.85,3.0,0.09,Mózg
965.0,4.68,9.0,0.49,Mózg
966.0,2.96,29.0,0.53,Jelito grube
967.0,4.55,16.0,0.42,Mózg
968.0,3.58,27.0,0.58,Płuca
969.0,0.72,14.0,0.31,Płuca
970.0,3.81,0.0,0.45,Płuca
971.0,0.84,41.0,0.63,Płuca
972.0,4.69,32.0,0.59,Jelito grube
973.0,2.15,7.0,,Mózg
974.0,4.05,41.0,0.82,Płuca
975.0,1.11,9.0,0.12,Mózg
976.0,4.91,4.0,0.51,Jelito grube
977.0,0.96,13.0,0.16,Mózg
978.0,4.11,3.0,0.55,Płuca
979.0,0.99,0.0,0.08,Jelito grube
980.0,2.77,47.0,0.76,Jelito grube
981.0,3.67,49.0,0.7,Mózg
982.0,4.21,44.0,0.48,Mózg
983.0,2.13,38.0,0.43,Mózg
984.0,3.2,44.0,0.5,Mózg
985.0,0.87,19.0,0.35,Płuca
986.0,4.38,1.0,0.4,Jelito grube
987.0,1.09,42.0,0.48,Jelito grube
988.0,2.04,8.0,0.14,Mózg
989.0,2.62,3.0,0.59,Płuca
990.0,1.6,18.0,0.4,Płuca
991.0,4.82,50.0,1.0,Płuca
992.0,1.26,3.0,0.28,Jelito grube
993.0,4.95,35.0,0.48,Mózg
994.0,4.67,41.0,0.58,Mózg
995.0,3.67,27.0,0.81,Płuca
996.0,2.02,8.0,0.18,
997.0,0.96,21.0,0.29,Jelito grube
998.0,3.61,10.0,0.45,Płuca
999.0,1.72,5.0,0.4,Płuca
1000.0,0.99,7.0,0.28,Płuca
